{
  "project_info": {
    "project_number": "805664732115",
    "project_id": "tcc2022-ad5b3",
    "storage_bucket": "tcc2022-ad5b3.appspot.com"
  },
  "client": [
    {
      "client_info": {
        "mobilesdk_app_id": "1:805664732115:android:5cc245deeefbce8bff7526",
        "android_client_info": {
          "package_name": "com.etec094.dtcc2022"
        }
      },
      "oauth_client": [
        {
          "client_id": "805664732115-m2j6tdsfcagblaf7iev440vi156255f8.apps.googleusercontent.com",
          "client_type": 1,
          "android_info": {
            "package_name": "com.etec094.dtcc2022",
            "certificate_hash": "feee8dc128fc73c3916f15ad60b566e738483204"
          }
        },
        {
          "client_id": "805664732115-q1bl1alrl3vri0ogkbl41soqdiaolvsh.apps.googleusercontent.com",
          "client_type": 3
        }
      ],
      "api_key": [
        {
          "current_key": "AIzaSyB_oB7TpErEaS76wKmdOtuZAyLgRnnt1Jg"
        }
      ],
      "services": {
        "appinvite_service": {
          "other_platform_oauth_client": [
            {
              "client_id": "805664732115-q1bl1alrl3vri0ogkbl41soqdiaolvsh.apps.googleusercontent.com",
              "client_type": 3
            }
          ]
        }
      }
    }
  ],
  "configuration_version": "1"
}